{
  "input_shape": [
    1,
    3,
    64,
    64
  ],
  "restored_shape": [
    1,
    3,
    64,
    64
  ],
  "base_loss": 0.26040101051330566,
  "keys": [
    "aux",
    "code",
    "lambda1",
    "lambda2",
    "phi",
    "restored",
    "severity",
    "z_severity"
  ],
  "task_loss": 0.0008002364775165915,
  "loss_tdp_raw": 0.18715186417102814,
  "loss_jacobian_raw": 5.5786870234442176e-08,
  "loss_active_contour_raw": 0.05080806091427803,
  "loss_detector_input_anchor_raw": 0.317529559135437,
  "loss_evidence_nonregression_raw": 0.0006563852657563984,
  "evidence_edge_restored": 0.017358098179101944,
  "evidence_edge_clean": 0.049524128437042236,
  "evidence_edge_degraded": 0.019062021747231483,
  "evidence_contrast_restored": 0.05537208169698715,
  "evidence_contrast_clean": 0.08438075333833694,
  "evidence_contrast_degraded": 0.052126821130514145,
  "evidence_highfreq_restored": 0.025172928348183632,
  "evidence_highfreq_clean": 0.052547816187143326,
  "evidence_highfreq_degraded": 0.026146745309233665,
  "evidence_saturation_restored": 0.4874027967453003,
  "evidence_saturation_clean": 0.022647056728601456,
  "evidence_saturation_degraded": 0.021542366594076157,
  "loss_task_total": 0.0008002364775165915,
  "task_warmup_scale": 1.0,
  "total_loss": 0.26120123267173767,
  "grad_norm_sum": 13.737351829261854,
  "finite": true,
  "debug_stats": {
    "tag": "smoke_debug",
    "epoch": 0,
    "batch_index": 0,
    "loss_total": 0.26120123267173767,
    "loss_base": 0.26040101051330566,
    "psnr_batch": 12.169575691223145,
    "residual_abs_mean": 0.23238348960876465,
    "residual_abs_p95": 0.2980392277240753,
    "residual_abs_max": 0.3803921639919281,
    "restored_changed_fraction_gt_0p01": 1.0,
    "input_mean": 0.29874610900878906,
    "input_std": 0.04304256662726402,
    "input_min": 0.10588235408067703,
    "input_max": 0.40392157435417175,
    "restored_mean": 0.3579162061214447,
    "restored_std": 0.2279190868139267,
    "restored_min": 0.0,
    "restored_max": 0.6713855266571045,
    "target_mean": 0.2996154725551605,
    "target_std": 0.08571536839008331,
    "target_min": 0.0941176488995552,
    "target_max": 0.7921568751335144,
    "metadata_code_mean": 0.15000000596046448,
    "metadata_code_std": 0.25980761647224426,
    "metadata_code_min": 0.0,
    "metadata_code_max": 0.6000000238418579,
    "model_code_mean": 0.15174660086631775,
    "model_code_std": 0.2562362849712372,
    "model_code_min": 0.0,
    "model_code_max": 0.600325345993042,
    "evidence_edge_input": 0.019062021747231483,
    "evidence_edge_restored": 0.017358098179101944,
    "evidence_edge_target": 0.049524128437042236,
    "evidence_contrast_input": 0.052126821130514145,
    "evidence_contrast_restored": 0.05537208169698715,
    "evidence_contrast_target": 0.08438075333833694,
    "evidence_highfreq_input": 0.026146745309233665,
    "evidence_highfreq_restored": 0.025172928348183632,
    "evidence_highfreq_target": 0.052547816187143326,
    "evidence_saturation_input": 0.021542366594076157,
    "evidence_saturation_restored": 0.4874027967453003,
    "evidence_saturation_target": 0.022647056728601456,
    "phi_mean": -0.18793268501758575,
    "phi_std": 0.035104162991046906,
    "phi_min": -0.2749440371990204,
    "phi_max": 0.11833593994379044,
    "lambda1_mean": 2.514341354370117,
    "lambda1_std": 0.05894355848431587,
    "lambda1_min": 2.3363451957702637,
    "lambda1_max": 2.7996320724487305,
    "lambda2_mean": 2.6191799640655518,
    "lambda2_std": 0.022654350847005844,
    "lambda2_min": 2.419431209564209,
    "lambda2_max": 2.711214780807495,
    "severity_mean": 0.5745455026626587,
    "severity_std": 0.0,
    "severity_min": 0.5745455026626587,
    "severity_max": 0.5745455026626587,
    "base_loss": 0.26040101051330566,
    "task_loss": 0.0008002364775165915,
    "loss_tdp_raw": 0.18715186417102814,
    "loss_jacobian_raw": 5.5786870234442176e-08,
    "loss_active_contour_raw": 0.05080806091427803,
    "loss_detector_input_anchor_raw": 0.317529559135437,
    "loss_evidence_nonregression_raw": 0.0006563852657563984,
    "evidence_edge_clean": 0.049524128437042236,
    "evidence_edge_degraded": 0.019062021747231483,
    "evidence_contrast_clean": 0.08438075333833694,
    "evidence_contrast_degraded": 0.052126821130514145,
    "evidence_highfreq_clean": 0.052547816187143326,
    "evidence_highfreq_degraded": 0.026146745309233665,
    "evidence_saturation_clean": 0.022647056728601456,
    "evidence_saturation_degraded": 0.021542366594076157,
    "loss_task_total": 0.0008002364775165915,
    "task_warmup_scale": 1.0,
    "total_loss": 0.26120123267173767,
    "grad_norm_sum": 13.737351829261854,
    "finite": 1.0,
    "grad_norm": 13.737351829261854
  }
}