name,data,split,map50_95,map50,map75,precision,recall
degraded_motion,datasets\pcm_yolo_motion_test\data.yaml,test,0.047587301179062354,0.15281402682629863,0.010103236357341214,0.30888045507045675,0.18895742423231385
v24_motion_e002,datasets\pcm_yolo_motion_test_rmrnet_v24_epoch002\data.yaml,test,0.0902209769126204,0.2465153774465488,0.04324998935353332,0.34444622773159006,0.3069812066126007
v25_motion_e003,datasets\pcm_yolo_motion_test_rmrnet_v25_epoch003\data.yaml,test,0.08986641108288412,0.25318073852623174,0.03978817378975752,0.388841079945103,0.2936743016271479
degraded_defocus,datasets\pcm_yolo_defocus_test\data.yaml,test,0.030908672649034553,0.09817076786585004,0.008366887360498508,0.2839976374715956,0.12359745077344271
v24_defocus_e002,datasets\pcm_yolo_defocus_test_rmrnet_v24_epoch002\data.yaml,test,0.09204097800147151,0.2535124431487014,0.042243808987918845,0.3618408031115263,0.30516657665469843
v25_defocus_e003,datasets\pcm_yolo_defocus_test_rmrnet_v25_epoch003\data.yaml,test,0.09279558593166103,0.25656656950118967,0.04463924722951946,0.3501412338550903,0.2948933336026965
degraded_lowlight,datasets\pcm_yolo_lowlight_test\data.yaml,test,0.08757536331500547,0.23427681086730026,0.0413537446162269,0.3999559216203952,0.26543360586005776
v24_lowlight_e002,datasets\pcm_yolo_lowlight_test_rmrnet_v24_epoch002\data.yaml,test,0.10505346963024748,0.2854977279363045,0.050434944418877026,0.4369097006053529,0.30093170979608885
v25_lowlight_e003,datasets\pcm_yolo_lowlight_test_rmrnet_v25_epoch003\data.yaml,test,0.10653697419990052,0.28511796430811126,0.04978688086263133,0.40472440898855283,0.30419840144718224
