name,data,split,map50_95,map50,map75,precision,recall
degraded_motion,datasets\pothole_yolo_motion_test\data.yaml,test,0.07162809847551439,0.19536459751348795,0.03310235264244917,0.3396426057994801,0.23830409356725146
v24_motion_e006,datasets\pothole_yolo_motion_test_rmrnet_v24_epoch006\data.yaml,test,0.24356022518094714,0.5399266616823079,0.17710079811683588,0.6462020412664964,0.4722222222222222
v25_motion_e001,datasets\pothole_yolo_motion_test_rmrnet_v25_epoch001\data.yaml,test,0.24536157636969508,0.541370969647303,0.1803012782557072,0.6503045101011773,0.4785021013155374
degraded_defocus,datasets\pothole_yolo_defocus_test\data.yaml,test,0.09731836835388176,0.250546206457975,0.049666324952903684,0.44509922678918223,0.22953216374269006
v24_defocus_e006,datasets\pothole_yolo_defocus_test_rmrnet_v24_epoch006\data.yaml,test,0.2293598850241012,0.5188895388514866,0.16552372337645854,0.6571270044149009,0.4539162018776002
v25_defocus_e001,datasets\pothole_yolo_defocus_test_rmrnet_v25_epoch001\data.yaml,test,0.2319025803568743,0.5180410938281944,0.16846288882499927,0.6587089031642493,0.4590643274853801
degraded_lowlight,datasets\pothole_yolo_lowlight_test\data.yaml,test,0.23819180886842664,0.5132314079376868,0.17251380768621452,0.655681226531698,0.43431092003075883
v24_lowlight_e006,datasets\pothole_yolo_lowlight_test_rmrnet_v24_epoch006\data.yaml,test,0.25997940664454966,0.570362058687202,0.1922076448470979,0.6509597645255494,0.5
v25_lowlight_e001,datasets\pothole_yolo_lowlight_test_rmrnet_v25_epoch001\data.yaml,test,0.26210542227737965,0.5688152099003018,0.1944063291704745,0.655284831870891,0.4891329415360256
